Workbook

Sheet Inputs
B1: Transition Probabilities — Empagliflozin | E1: Transition Probabilities — Sitagliptin
B3: Parameter | C3: Value | E3: Parameter | F3: Value
B4: Controlled → Controlled | C4: 0.75 | E4: Controlled → Controlled | F4: 0.7
B5: Controlled → Complications | C5: 0.2 | E5: Controlled → Complications | F5: 0.25
B6: Controlled → Death | C6: 0.05 | E6: Controlled → Death | F6: 0.05
B7: Complications → Controlled | C7: 0.1 | E7: Complications → Controlled | F7: 0.08
B8: Complications → Complications | C8: 0.65 | E8: Complications → Complications | F8: 0.62
B9: Complications → Death | C9: 0.25 | E9: Complications → Death | F9: 0.3
B12: Costs (Annual — INR) | E12: Drug Costs Per Year
B13: State | C13: Cost | E13: Drug | F13: Cost
B14: Controlled | C14: 40000 | E14: Empagliflozin | F14: 45000
B15: Complications | C15: 90000 | E15: Sitagliptin | F15: 30000
B16: Death | C16: 0
B18: Utilities | E18: Other Parameters
B19: State | C19: Utility | E19: Parameter | F19: Value
B20: Controlled | C20: 0.85 | E20: Discount Rate | F20: 0.03
B21: Complications | C21: 0.65 | E21: Initial Cohort | F21: 1000
B22: Death | C22: 0 | E22: Time Horizon (cycles) | F22: 10

Sheet Transition_Empa
B2: From/To | C2: Controlled | D2: Complications | E2: Death
B3: Controlled | C3: 0.75 | D3: 0.2 | E3: 0.05
B4: Complications | C4: 0.1 | D4: 0.65 | E4: 0.25
B5: Death | C5: 0 | D5: 0 | E5: 1

Sheet Transition_Sita
B2: From/To | C2: Controlled | D2: Complications | E2: Death
B3: Controlled | C3: 0.7 | D3: 0.25 | E3: 0.05
B4: Complications | C4: 0.08 | D4: 0.62 | E4: 0.3
B5: Death | C5: 0 | D5: 0 | E5: 1

Sheet Markov_Empa
B2: Cycle | C2: Controlled | D2: Complications | E2: Death | F2: Total | J2: From/To | K2: Controlled | L2: Complications | M2: Death
B3: 0 | C3: 1000 | D3: 0 | E3: 0 | F3: =SUM(C3:E3) -> 1000 | J3: Controlled | K3: 0.75 | L3: 0.2 | M3: 0.05
B4: 1 | C4: 750 | D4: 200 | E4: 50 | F4: =SUM(C4:E4) -> 1000 | J4: Complications | K4: 0.1 | L4: 0.65 | M4: 0.25
B5: =1+B4 -> 2 | C5: =(C4*$K$3)+(D4*$K$4)+(E4*$K$5) -> 582.5 | D5: =(C4*$L$3)+(D4*$L$4)+(E4*$L$5) -> 280 | E5: =(C4*$M$3)+(D4*$M$4)+(E4*$M$5) -> 137.5 | F5: =SUM(C5:E5) -> 1000 | J5: Death | K5: 0 | L5: 0 | M5: 1
B6: =1+B5 -> 3 | C6: =(C5*$K$3)+(D5*$K$4)+(E5*$K$5) -> 464.875 | D6: =(C5*$L$3)+(D5*$L$4)+(E5*$L$5) -> 298.5 | E6: =(C5*$M$3)+(D5*$M$4)+(E5*$M$5) -> 236.625 | F6: =SUM(C6:E6) -> 1000
B7: =1+B6 -> 4 | C7: =(C6*$K$3)+(D6*$K$4)+(E6*$K$5) -> 378.50625 | D7: =(C6*$L$3)+(D6*$L$4)+(E6*$L$5) -> 287 | E7: =(C6*$M$3)+(D6*$M$4)+(E6*$M$5) -> 334.49375 | F7: =SUM(C7:E7) -> 1000
B8: =1+B7 -> 5 | C8: =(C7*$K$3)+(D7*$K$4)+(E7*$K$5) -> 312.57969 | D8: =(C7*$L$3)+(D7*$L$4)+(E7*$L$5) -> 262.25125 | E8: =(C7*$M$3)+(D7*$M$4)+(E7*$M$5) -> 425.16906 | F8: =SUM(C8:E8) -> 1000
B9: =1+B8 -> 6 | C9: =(C8*$K$3)+(D8*$K$4)+(E8*$K$5) -> 260.65989 | D9: =(C8*$L$3)+(D8*$L$4)+(E8*$L$5) -> 232.97925 | E9: =(C8*$M$3)+(D8*$M$4)+(E8*$M$5) -> 506.36086 | F9: =SUM(C9:E9) -> 1000
B10: =1+B9 -> 7 | C10: =(C9*$K$3)+(D9*$K$4)+(E9*$K$5) -> 218.79284 | D10: =(C9*$L$3)+(D9*$L$4)+(E9*$L$5) -> 203.56849 | E10: =(C9*$M$3)+(D9*$M$4)+(E9*$M$5) -> 577.63867 | F10: =SUM(C10:E10) -> 1000
B11: =1+B10 -> 8 | C11: =(C10*$K$3)+(D10*$K$4)+(E10*$K$5) -> 184.45148 | D11: =(C10*$L$3)+(D10*$L$4)+(E10*$L$5) -> 176.07809 | E11: =(C10*$M$3)+(D10*$M$4)+(E10*$M$5) -> 639.47043 | F11: =SUM(C11:E11) -> 1000
B12: =1+B11 -> 9 | C12: =(C11*$K$3)+(D11*$K$4)+(E11*$K$5) -> 155.94642 | D12: =(C11*$L$3)+(D11*$L$4)+(E11*$L$5) -> 151.34105 | E12: =(C11*$M$3)+(D11*$M$4)+(E11*$M$5) -> 692.71253 | F12: =SUM(C12:E12) -> 1000
B13: =1+B12 -> 10 | C13: =(C12*$K$3)+(D12*$K$4)+(E12*$K$5) -> 132.09392 | D13: =(C12*$L$3)+(D12*$L$4)+(E12*$L$5) -> 129.56097 | E13: =(C12*$M$3)+(D12*$M$4)+(E12*$M$5) -> 738.34511 | F13: =SUM(C13:E13) -> 1000

Sheet Markov_Sita
B2: Cycle | C2: Controlled | D2: Complications | E2: Death | F2: Total
B3: 0 | C3: 1000 | D3: 0 | E3: 0 | F3: 1000 | J3: From/To | K3: Controlled | L3: Complications | M3: Death
B4: 1 | C4: =C3*K4 -> 700 | D4: =C3*L4 -> 250 | E4: =C3*M4 -> 50 | F4: =SUM(C4:E4) -> 1000 | J4: Controlled | K4: 0.7 | L4: 0.25 | M4: 0.05
B5: 2 | C5: =(C4*$K$4)+(D4*$K$5)+(D4*$K$6) -> 510 | D5: =(C4*$L$4)+(D4*$L$5)+(E4*$L$6) -> 330 | E5: =(C4*$M$4)+(D4*$M$5)+(E4*$M$6) -> 160 | F5: =SUM(C5:E5) -> 1000 | J5: Complications | K5: 0.08 | L5: 0.62 | M5: 0.3
B6: 3 | C6: =(C5*$K$4)+(D5*$K$5)+(D5*$K$6) -> 383.4 | D6: =(C5*$L$4)+(D5*$L$5)+(E5*$L$6) -> 332.1 | E6: =(C5*$M$4)+(D5*$M$5)+(E5*$M$6) -> 284.5 | F6: =SUM(C6:E6) -> 1000 | J6: Death | K6: 0 | L6: 0 | M6: 1
B7: 4 | C7: =(C6*$K$4)+(D6*$K$5)+(D6*$K$6) -> 294.948 | D7: =(C6*$L$4)+(D6*$L$5)+(E6*$L$6) -> 301.752 | E7: =(C6*$M$4)+(D6*$M$5)+(E6*$M$6) -> 403.3 | F7: =SUM(C7:E7) -> 1000
B8: 5 | C8: =(C7*$K$4)+(D7*$K$5)+(D7*$K$6) -> 230.60376 | D8: =(C7*$L$4)+(D7*$L$5)+(E7*$L$6) -> 260.82324 | E8: =(C7*$M$4)+(D7*$M$5)+(E7*$M$6) -> 508.573 | F8: =SUM(C8:E8) -> 1000
B9: 6 | C9: =(C8*$K$4)+(D8*$K$5)+(D8*$K$6) -> 182.28849 | D9: =(C8*$L$4)+(D8*$L$5)+(E8*$L$6) -> 219.36135 | E9: =(C8*$M$4)+(D8*$M$5)+(E8*$M$6) -> 598.35016 | F9: =SUM(C9:E9) -> 1000
B10: 7 | C10: =(C9*$K$4)+(D9*$K$5)+(D9*$K$6) -> 145.15085 | D10: =(C9*$L$4)+(D9*$L$5)+(E9*$L$6) -> 181.57616 | E10: =(C9*$M$4)+(D9*$M$5)+(E9*$M$6) -> 673.27299 | F10: =SUM(C10:E10) -> 1000
B11: 8 | C11: =(C10*$K$4)+(D10*$K$5)+(D10*$K$6) -> 116.13169 | D11: =(C10*$L$4)+(D10*$L$5)+(E10*$L$6) -> 148.86493 | E11: =(C10*$M$4)+(D10*$M$5)+(E10*$M$6) -> 735.00338 | F11: =SUM(C11:E11) -> 1000
B12: 9 | C12: =(C11*$K$4)+(D11*$K$5)+(D11*$K$6) -> 93.201377 | D12: =(C11*$L$4)+(D11*$L$5)+(E11*$L$6) -> 121.32918 | E12: =(C11*$M$4)+(D11*$M$5)+(E11*$M$6) -> 785.46944 | F12: =SUM(C12:E12) -> 1000
B13: 10 | C13: =(C12*$K$4)+(D12*$K$5)+(D12*$K$6) -> 74.947298 | D13: =(C12*$L$4)+(D12*$L$5)+(E12*$L$6) -> 98.524436 | E13: =(C12*$M$4)+(D12*$M$5)+(E12*$M$6) -> 826.52827 | F13: =SUM(C13:E13) -> 1000

Sheet Cost_QALYs
F1: EMPAGLIFLOZIN ARM
A2: Cycle | B2: Controlled | C2: Complications | D2: Death | E2: Alive | F2: Drug Cost | G2: State Cost | H2: Total Cost | I2: Total QALY | J2: Discount | K2: Disc Cost | L2: Disc QALY
A3: 0 | B3: =Markov_Empa!C3 -> 1000 | C3: =Markov_Empa!D3 -> 0 | D3: =Markov_Empa!E3 -> 0 | E3: =B3+C3 -> 1000 | F3: =E3*Inputs!$F$14 -> 45000000 | G3: =(B3*Inputs!$C$14) -> 40000000 | H3: =SUM(F3:G3) -> 85000000 | I3: =(B3*Inputs!$C$20)+(C3*Inputs!C21) -> 850 | J3: 1 | K3: =H3*J3 -> 85000000 | L3: =I3*J3 -> 850
A4: 1 | B4: =Markov_Empa!C4 -> 750 | C4: =Markov_Empa!D4 -> 200 | D4: =Markov_Empa!E4 -> 50 | E4: =B4+C4 -> 950 | F4: =E4*Inputs!$F$14 -> 42750000 | G4: =(B4*Inputs!$C$14) -> 30000000 | H4: =SUM(F4:G4) -> 72750000 | I4: =(B4*Inputs!$C$20)+(C4*Inputs!C22) -> 637.5 | J4: =1/(1+Inputs!$F$20)^A4 -> 0.97087379 | K4: =H4*J4 -> 70631068 | L4: =I4*J4 -> 618.93204
A5: =1+A4 -> 2 | B5: =Markov_Empa!C5 -> 582.5 | C5: =Markov_Empa!D5 -> 280 | D5: =Markov_Empa!E5 -> 137.5 | E5: =B5+C5 -> 862.5 | F5: =E5*Inputs!$F$14 -> 38812500 | G5: =(B5*Inputs!$C$14) -> 23300000 | H5: =SUM(F5:G5) -> 62112500 | I5: =(B5*Inputs!$C$20)+(C5*Inputs!C23) -> 495.125 | J5: =1/(1+Inputs!$F$20)^A5 -> 0.94259591 | K5: =H5*J5 -> 58546988 | L5: =I5*J5 -> 466.7028
A6: =1+A5 -> 3 | B6: =Markov_Empa!C6 -> 464.875 | C6: =Markov_Empa!D6 -> 298.5 | D6: =Markov_Empa!E6 -> 236.625 | E6: =B6+C6 -> 763.375 | F6: =E6*Inputs!$F$14 -> 34351875 | G6: =(B6*Inputs!$C$14) -> 18595000 | H6: =SUM(F6:G6) -> 52946875 | I6: =(B6*Inputs!$C$20)+(C6*Inputs!C24) -> 395.14375 | J6: =1/(1+Inputs!$F$20)^A6 -> 0.91514166 | K6: =H6*J6 -> 48453891 | L6: =I6*J6 -> 361.61251
A7: =1+A6 -> 4 | B7: =Markov_Empa!C7 -> 378.50625 | C7: =Markov_Empa!D7 -> 287 | D7: =Markov_Empa!E7 -> 334.49375 | E7: =B7+C7 -> 665.50625 | F7: =E7*Inputs!$F$14 -> 29947781 | G7: =(B7*Inputs!$C$14) -> 15140250 | H7: =SUM(F7:G7) -> 45088031 | I7: =(B7*Inputs!$C$20)+(C7*Inputs!C25) -> 321.73031 | J7: =1/(1+Inputs!$F$20)^A7 -> 0.88848705 | K7: =H7*J7 -> 40060132 | L7: =I7*J7 -> 285.85322
A8: =1+A7 -> 5 | B8: =Markov_Empa!C8 -> 312.57969 | C8: =Markov_Empa!D8 -> 262.25125 | D8: =Markov_Empa!E8 -> 425.16906 | E8: =B8+C8 -> 574.83094 | F8: =E8*Inputs!$F$14 -> 25867392 | G8: =(B8*Inputs!$C$14) -> 12503188 | H8: =SUM(F8:G8) -> 38370580 | I8: =(B8*Inputs!$C$20)+(C8*Inputs!C26) -> 265.69273 | J8: =1/(1+Inputs!$F$20)^A8 -> 0.86260878 | K8: =H8*J8 -> 33098799 | L8: =I8*J8 -> 229.18889
A9: =1+A8 -> 6 | B9: =Markov_Empa!C9 -> 260.65989 | C9: =Markov_Empa!D9 -> 232.97925 | D9: =Markov_Empa!E9 -> 506.36086 | E9: =B9+C9 -> 493.63914 | F9: =E9*Inputs!$F$14 -> 22213761 | G9: =(B9*Inputs!$C$14) -> 10426396 | H9: =SUM(F9:G9) -> 32640157 | I9: =(B9*Inputs!$C$20)+(C9*Inputs!C27) -> 221.56091 | J9: =1/(1+Inputs!$F$20)^A9 -> 0.83748426 | K9: =H9*J9 -> 27335618 | L9: =I9*J9 -> 185.55377
A10: =1+A9 -> 7 | B10: =Markov_Empa!C10 -> 218.79284 | C10: =Markov_Empa!D10 -> 203.56849 | D10: =Markov_Empa!E10 -> 577.63867 | E10: =B10+C10 -> 422.36133 | F10: =E10*Inputs!$F$14 -> 19006260 | G10: =(B10*Inputs!$C$14) -> 8751713.7 | H10: =SUM(F10:G10) -> 27757974 | I10: =(B10*Inputs!$C$20)+(C10*Inputs!C28) -> 185.97392 | J10: =1/(1+Inputs!$F$20)^A10 -> 0.81309151 | K10: =H10*J10 -> 22569773 | L10: =I10*J10 -> 151.21381
A11: =1+A10 -> 8 | B11: =Markov_Empa!C11 -> 184.45148 | C11: =Markov_Empa!D11 -> 176.07809 | D11: =Markov_Empa!E11 -> 639.47043 | E11: =B11+C11 -> 360.52957 | F11: =E11*Inputs!$F$14 -> 16223831 | G11: =(B11*Inputs!$C$14) -> 7378059.3 | H11: =SUM(F11:G11) -> 23601890 | I11: =(B11*Inputs!$C$20)+(C11*Inputs!C29) -> 156.78376 | J11: =1/(1+Inputs!$F$20)^A11 -> 0.78940923 | K11: =H11*J11 -> 18631550 | L11: =I11*J11 -> 123.76655
A12: =1+A11 -> 9 | B12: =Markov_Empa!C12 -> 155.94642 | C12: =Markov_Empa!D12 -> 151.34105 | D12: =Markov_Empa!E12 -> 692.71253 | E12: =B12+C12 -> 307.28747 | F12: =E12*Inputs!$F$14 -> 13827936 | G12: =(B12*Inputs!$C$14) -> 6237856.8 | H12: =SUM(F12:G12) -> 20065793 | I12: =(B12*Inputs!$C$20)+(C12*Inputs!C30) -> 132.55446 | J12: =1/(1+Inputs!$F$20)^A12 -> 0.76641673 | K12: =H12*J12 -> 15378760 | L12: =I12*J12 -> 101.59195
A13: =1+A12 -> 10 | B13: =Markov_Empa!C13 -> 132.09392 | C13: =Markov_Empa!D13 -> 129.56097 | D13: =Markov_Empa!E13 -> 738.34511 | E13: =B13+C13 -> 261.65489 | F13: =E13*Inputs!$F$14 -> 11774470 | G13: =(B13*Inputs!$C$14) -> 5283756.8 | H13: =SUM(F13:G13) -> 17058227 | I13: =(B13*Inputs!$C$20)+(C13*Inputs!C31) -> 112.27983 | J13: =1/(1+Inputs!$F$20)^A13 -> 0.74409391 | K13: =H13*J13 -> 12692923 | L13: =I13*J13 -> 83.54674
J14: TOTAL | K14: =SUM(K3:K13) -> 4.323995e+08 | L14: =SUM(L3:L13) -> 3457.9623
F17: SITAGLIPTIN ARM
A18: Cycle | B18: =Markov_Sita!C2 -> Controlled | C18: =Markov_Sita!D2 -> Complications | D18: =Markov_Sita!E2 -> Death | E18: Alive | F18: Drug Cost | G18: State Cost | H18: Total Cost | I18: Total QALY | J18: Discount | K18: Disc Cost | L18: Disc QALY
A19: =Markov_Sita!B3 -> 0 | B19: =Markov_Sita!C3 -> 1000 | C19: =Markov_Sita!D3 -> 0 | D19: =Markov_Sita!E3 -> 0 | E19: =SUM(B19:C19) -> 1000 | F19: =E19*Inputs!$F$15 -> 30000000 | G19: =(B19*Inputs!$C$14)+(Cost_QALYs!C19*Inputs!$C$15) -> 40000000 | H19: =SUM(F19:G19) -> 70000000 | I19: =(B19*Inputs!$C$20) -> 850 | J19: =1/(1+Inputs!$F$20)^A19 -> 1 | K19: =J19*H19 -> 70000000 | L19: =J19*I19 -> 850
A20: =Markov_Sita!B4 -> 1 | B20: =Markov_Sita!C4 -> 700 | C20: =Markov_Sita!D4 -> 250 | D20: =Markov_Sita!E4 -> 50 | E20: =SUM(B20:C20) -> 950 | F20: =E20*Inputs!$F$15 -> 28500000 | G20: =(B20*Inputs!$C$14)+(Cost_QALYs!C20*Inputs!$C$15) -> 50500000 | H20: =SUM(F20:G20) -> 79000000 | I20: =(B20*Inputs!$C$20) -> 595 | J20: =1/(1+Inputs!$F$20)^A20 -> 0.97087379 | K20: =J20*H20 -> 76699029 | L20: =J20*I20 -> 577.6699
A21: =Markov_Sita!B5 -> 2 | B21: =Markov_Sita!C5 -> 510 | C21: =Markov_Sita!D5 -> 330 | D21: =Markov_Sita!E5 -> 160 | E21: =SUM(B21:C21) -> 840 | F21: =E21*Inputs!$F$15 -> 25200000 | G21: =(B21*Inputs!$C$14)+(Cost_QALYs!C21*Inputs!$C$15) -> 50100000 | H21: =SUM(F21:G21) -> 75300000 | I21: =(B21*Inputs!$C$20) -> 433.5 | J21: =1/(1+Inputs!$F$20)^A21 -> 0.94259591 | K21: =J21*H21 -> 70977472 | L21: =J21*I21 -> 408.61533
A22: =Markov_Sita!B6 -> 3 | B22: =Markov_Sita!C6 -> 383.4 | C22: =Markov_Sita!D6 -> 332.1 | D22: =Markov_Sita!E6 -> 284.5 | E22: =SUM(B22:C22) -> 715.5 | F22: =E22*Inputs!$F$15 -> 21465000 | G22: =(B22*Inputs!$C$14)+(Cost_QALYs!C22*Inputs!$C$15) -> 45225000 | H22: =SUM(F22:G22) -> 66690000 | I22: =(B22*Inputs!$C$20) -> 325.89 | J22: =1/(1+Inputs!$F$20)^A22 -> 0.91514166 | K22: =J22*H22 -> 61030797 | L22: =J22*I22 -> 298.23552
A23: =Markov_Sita!B7 -> 4 | B23: =Markov_Sita!C7 -> 294.948 | C23: =Markov_Sita!D7 -> 301.752 | D23: =Markov_Sita!E7 -> 403.3 | E23: =SUM(B23:C23) -> 596.7 | F23: =E23*Inputs!$F$15 -> 17901000 | G23: =(B23*Inputs!$C$14)+(Cost_QALYs!C23*Inputs!$C$15) -> 38955600 | H23: =SUM(F23:G23) -> 56856600 | I23: =(B23*Inputs!$C$20) -> 250.7058 | J23: =1/(1+Inputs!$F$20)^A23 -> 0.88848705 | K23: =J23*H23 -> 50516353 | L23: =J23*I23 -> 222.74886
A24: =Markov_Sita!B8 -> 5 | B24: =Markov_Sita!C8 -> 230.60376 | C24: =Markov_Sita!D8 -> 260.82324 | D24: =Markov_Sita!E8 -> 508.573 | E24: =SUM(B24:C24) -> 491.427 | F24: =E24*Inputs!$F$15 -> 14742810 | G24: =(B24*Inputs!$C$14)+(Cost_QALYs!C24*Inputs!$C$15) -> 32698242 | H24: =SUM(F24:G24) -> 47441052 | I24: =(B24*Inputs!$C$20) -> 196.0132 | J24: =1/(1+Inputs!$F$20)^A24 -> 0.86260878 | K24: =J24*H24 -> 40923068 | L24: =J24*I24 -> 169.0827
A25: =Markov_Sita!B9 -> 6 | B25: =Markov_Sita!C9 -> 182.28849 | C25: =Markov_Sita!D9 -> 219.36135 | D25: =Markov_Sita!E9 -> 598.35016 | E25: =SUM(B25:C25) -> 401.64984 | F25: =E25*Inputs!$F$15 -> 12049495 | G25: =(B25*Inputs!$C$14)+(Cost_QALYs!C25*Inputs!$C$15) -> 27034061 | H25: =SUM(F25:G25) -> 39083556 | I25: =(B25*Inputs!$C$20) -> 154.94522 | J25: =1/(1+Inputs!$F$20)^A25 -> 0.83748426 | K25: =J25*H25 -> 32731863 | L25: =J25*I25 -> 129.76418
A26: =Markov_Sita!B10 -> 7 | B26: =Markov_Sita!C10 -> 145.15085 | C26: =Markov_Sita!D10 -> 181.57616 | D26: =Markov_Sita!E10 -> 673.27299 | E26: =SUM(B26:C26) -> 326.72701 | F26: =E26*Inputs!$F$15 -> 9801810.3 | G26: =(B26*Inputs!$C$14)+(Cost_QALYs!C26*Inputs!$C$15) -> 22147888 | H26: =SUM(F26:G26) -> 31949699 | I26: =(B26*Inputs!$C$20) -> 123.37822 | J26: =1/(1+Inputs!$F$20)^A26 -> 0.81309151 | K26: =J26*H26 -> 25978029 | L26: =J26*I26 -> 100.31779
A27: =Markov_Sita!B11 -> 8 | B27: =Markov_Sita!C11 -> 116.13169 | C27: =Markov_Sita!D11 -> 148.86493 | D27: =Markov_Sita!E11 -> 735.00338 | E27: =SUM(B27:C27) -> 264.99662 | F27: =E27*Inputs!$F$15 -> 7949898.6 | G27: =(B27*Inputs!$C$14)+(Cost_QALYs!C27*Inputs!$C$15) -> 18043111 | H27: =SUM(F27:G27) -> 25993010 | I27: =(B27*Inputs!$C$20) -> 98.711936 | J27: =1/(1+Inputs!$F$20)^A27 -> 0.78940923 | K27: =J27*H27 -> 20519122 | L27: =J27*I27 -> 77.924114
A28: =Markov_Sita!B12 -> 9 | B28: =Markov_Sita!C12 -> 93.201377 | C28: =Markov_Sita!D12 -> 121.32918 | D28: =Markov_Sita!E12 -> 785.46944 | E28: =SUM(B28:C28) -> 214.53056 | F28: =E28*Inputs!$F$15 -> 6435916.7 | G28: =(B28*Inputs!$C$14)+(Cost_QALYs!C28*Inputs!$C$15) -> 14647681 | H28: =SUM(F28:G28) -> 21083598 | I28: =(B28*Inputs!$C$20) -> 79.22117 | J28: =1/(1+Inputs!$F$20)^A28 -> 0.76641673 | K28: =J28*H28 -> 16158822 | L28: =J28*I28 -> 60.71643
A29: =Markov_Sita!B13 -> 10 | B29: =Markov_Sita!C13 -> 74.947298 | C29: =Markov_Sita!D13 -> 98.524436 | D29: =Markov_Sita!E13 -> 826.52827 | E29: =SUM(B29:C29) -> 173.47173 | F29: =E29*Inputs!$F$15 -> 5204152 | G29: =(B29*Inputs!$C$14)+(Cost_QALYs!C29*Inputs!$C$15) -> 11865091 | H29: =SUM(F29:G29) -> 17069243 | I29: =(B29*Inputs!$C$20) -> 63.705203 | J29: =1/(1+Inputs!$F$20)^A29 -> 0.74409391 | K29: =J29*H29 -> 12701120 | L29: =J29*I29 -> 47.402654
J30: TOTAL | K30: =SUM(K19:K29) -> 4.7823568e+08 | L30: =SUM(L19:L29) -> 2942.4775

Sheet Results
A1: Outcome | B1: Empagliflozin | C1: Sitagliptin | D1: Increment
A2: Total Discounted Cost | B2: =Cost_QALYs!K14 -> 4.323995e+08 | C2: =Cost_QALYs!K30 -> 4.7823568e+08 | D2: =B2-C2 -> -45836175
A3: Total Discounted QALY | B3: =Cost_QALYs!L14 -> 3457.9623 | C3: =Cost_QALYs!L30 -> 2942.4775 | D3: =B3-C3 -> 515.4848
A4: Incremental Cost | B4: =D2 -> -45836175
A5: Incremental QALY | B5: =D3 -> 515.4848
A6: ICER (₹ per QALY) | B6: =B4/B5 -> -88918.576
A7: Over a 10-year time horizon, empagliflozin was associated with lower total costs and higher quality-adjusted life years (QALYs) compared with sitagliptin. Therefore, empagliflozin is considered a dominant treatment strategy from the payer perspective.

Sheet README
C2: Cost-Effectiveness Analysis of Empagliflozin Versus Sitagliptin in Type 2 Diabetes Mellitus Using a Markov Model: Indian Payer Perspective
C4: Objective
C5: To evaluate the cost-effectiveness of empagliflozin compared with sitagliptin in adults with type 2 diabetes inadequately controlled on metformin.
C7: Perspective
C8: Indian healthcare payer.
C10: Model Type
C11: Cohort Markov model.
C13: Health States
C14: 1.Controlled diabetes
C15: 2.Diabetes with complications
C16: 3.Death
C18: Cycle Length
... C31: Empagliflozin was associated with lower costs and higher QALYs compared with sitagliptin and was therefore dominant.

Sheet Validation
B2: Check | C2: Status
B3: Population constant | C3: OK
B4: Transition rows sum to 1 | C4: OK
B5: No negative values | C5: OK
B6: Totals calculated | C6: OK
